id,first_name,last_name,email,gender,ip_address
1,Patsy,Salamon,psalamon0@sfgate.com,Male,89.4.166.131
2,Gustavo,Westphalen,gwestphalen1@dmoz.org,Male,220.8.82.182
3,Kathy,Milburne,kmilburne2@omniture.com,Female,149.47.73.81
4,Nessi,Billitteri,nbillitteri3@nyu.edu,Female,238.84.229.165
5,Antonius,MacKonochie,amackonochie4@slate.com,Male,220.16.132.174
6,Lionel,Rhymes,lrhymes5@angelfire.com,Male,68.19.239.77
7,Hurlee,Pallas,hpallas6@about.me,Male,103.65.194.79
8,Lulita,Gowman,lgowman7@newyorker.com,Female,67.25.44.167
9,Domini,Hunnisett,dhunnisett8@amazonaws.com,Female,235.218.222.141
10,Cullie,Fuke,cfuke9@loc.gov,Male,63.249.70.2
11,Tammie,McQuilty,tmcquiltya@gravatar.com,Male,240.62.177.216
12,Marcella,Humbert,mhumbertb@techcrunch.com,Female,118.192.211.227
13,Bren,Bernardin,bbernardinc@ftc.gov,Male,69.184.148.64
14,Dexter,Plowell,dplowelld@bandcamp.com,Male,102.198.165.165
15,Gino,Musla,gmuslae@hugedomains.com,Male,76.152.254.63
16,Ezri,Silberschatz,esilberschatzf@earthlink.net,Male,142.158.226.213
17,Edgardo,Bastick,ebastickg@tuttocitta.it,Male,243.120.85.245
18,Xaviera,Brownsill,xbrownsillh@miitbeian.gov.cn,Female,130.106.138.75
19,Geri,Philpin,gphilpini@mail.ru,Male,102.37.195.38
20,Dennet,Kieff,dkieffj@elpais.com,Male,237.57.16.132
21,Bree,Jennins,bjenninsk@oaic.gov.au,Female,79.205.166.70
22,Corina,Gumb,cgumbl@acquirethisname.com,Female,204.200.27.79
23,Waneta,Antczak,wantczakm@drupal.org,Female,128.223.10.189
24,Yankee,Long,ylongn@vkontakte.ru,Male,40.228.214.123
25,Zorana,Portugal,zportugalo@google.co.jp,Female,179.172.255.33
26,Adan,James,ajamesp@tripadvisor.com,Male,102.75.210.152
27,Genny,Portchmouth,gportchmouthq@apple.com,Female,194.69.166.160
28,Carey,Stamper,cstamperr@sciencedaily.com,Female,194.91.46.208
29,Philly,Tumulty,ptumultys@oaic.gov.au,Female,63.179.247.57
30,Honoria,Hobben,hhobbent@wikipedia.org,Female,57.4.207.230
31,Tedmund,Ofer,toferu@soundcloud.com,Male,215.64.105.54
32,Sharity,Trippack,strippackv@tripadvisor.com,Female,222.64.154.71
33,Itch,Burn,iburnw@altervista.org,Male,181.100.52.221
34,Dollie,Gilyott,dgilyottx@comcast.net,Female,248.136.60.85
35,Obediah,Asprey,oaspreyy@usgs.gov,Male,87.98.250.72
36,Hilario,Bearblock,hbearblockz@home.pl,Male,160.162.173.208
37,Ulberto,Colaco,ucolaco10@google.es,Male,184.153.20.116
38,Niel,Betz,nbetz11@cnet.com,Male,253.185.180.184
39,Galvan,Massinger,gmassinger12@dmoz.org,Male,220.139.60.76
40,Kale,Britney,kbritney13@timesonline.co.uk,Male,106.210.142.10
41,Tucker,Pogosian,tpogosian14@example.com,Male,73.108.55.112
42,Woodie,Eynaud,weynaud15@yale.edu,Male,157.87.70.178
43,Misty,Collyear,mcollyear16@irs.gov,Female,170.37.196.113
44,Ebeneser,Barme,ebarme17@slashdot.org,Male,10.208.70.37
45,Benson,MacGovern,bmacgovern18@nbcnews.com,Male,198.11.184.119
46,Jeanie,Hebard,jhebard19@taobao.com,Female,111.54.31.200
47,Leonie,Gilman,lgilman1a@nytimes.com,Female,86.189.237.199
48,Tanney,Udie,tudie1b@fc2.com,Male,69.206.96.120
49,Helenka,Dewdney,hdewdney1c@google.de,Female,87.197.12.51
50,Wilek,Swanson,wswanson1d@cornell.edu,Male,184.40.212.180
51,Sherri,O'Shirine,soshirine1e@so-net.ne.jp,Female,130.150.181.119
52,Ronna,Cardenosa,rcardenosa1f@ucoz.com,Female,124.158.31.90
53,Lem,Davenell,ldavenell1g@tinypic.com,Male,92.101.252.140
54,Percival,Horning,phorning1h@webnode.com,Male,168.49.160.56
55,Aubert,Couper,acouper1i@blogs.com,Male,110.190.87.51
56,Zach,Cattemull,zcattemull1j@elpais.com,Male,237.176.192.212
57,Danie,Lebarree,dlebarree1k@geocities.com,Male,31.211.179.204
58,Bob,Curtain,bcurtain1l@usnews.com,Male,90.82.171.150
59,Jacquette,Groarty,jgroarty1m@abc.net.au,Female,165.164.16.148
60,Waring,Python,wpython1n@ehow.com,Male,172.73.169.135
61,Alistair,Tucknutt,atucknutt1o@harvard.edu,Male,200.155.59.132
62,Jobey,Hopfner,jhopfner1p@springer.com,Female,10.152.202.4
63,Judith,Cheesman,jcheesman1q@whitehouse.gov,Female,27.201.153.223
64,Geoffrey,Moorman,gmoorman1r@discuz.net,Male,21.29.187.44
65,Abby,Bonelle,abonelle1s@devhub.com,Female,9.225.111.241
66,Tedman,Robez,trobez1t@un.org,Male,226.128.197.29
67,Gordy,Winfield,gwinfield1u@hud.gov,Male,42.9.240.100
68,Herc,Mackrill,hmackrill1v@hubpages.com,Male,12.102.172.255
69,Beaufort,Sheehy,bsheehy1w@geocities.jp,Male,223.30.81.206
70,Sandi,Curro,scurro1x@flickr.com,Female,103.86.249.8
71,Cloris,Wehner,cwehner1y@ning.com,Female,64.212.218.1
72,Ajay,Mettericke,amettericke1z@etsy.com,Female,176.68.103.186
73,Caitrin,Batterham,cbatterham20@hostgator.com,Female,41.238.175.20
74,Dimitry,Fardon,dfardon21@prweb.com,Male,200.96.181.127
75,Natala,Woofendell,nwoofendell22@rakuten.co.jp,Female,70.36.171.204
76,Brit,Grier,bgrier23@narod.ru,Female,10.162.42.86
77,Brnaby,Lackinton,blackinton24@java.com,Male,137.59.146.172
78,Saunders,Jahnig,sjahnig25@cocolog-nifty.com,Male,101.151.72.226
79,Rachele,Sadat,rsadat26@virginia.edu,Female,79.67.88.11
80,Ephraim,Cammell,ecammell27@buzzfeed.com,Male,171.79.231.214
81,Coletta,Ricardet,cricardet28@globo.com,Female,171.51.139.52
82,Stephana,Butterfill,sbutterfill29@pagesperso-orange.fr,Female,225.46.69.3
83,Tobe,Cleeton,tcleeton2a@chron.com,Male,196.229.10.36
84,Dicky,Compson,dcompson2b@jalbum.net,Male,136.231.72.124
85,Clarette,Hillborne,chillborne2c@netvibes.com,Female,18.195.87.54
86,Terri,Losano,tlosano2d@indiegogo.com,Female,97.8.233.93
87,Kristen,Batistelli,kbatistelli2e@latimes.com,Female,35.183.31.204
88,Beale,Balch,bbalch2f@smugmug.com,Male,34.254.114.173
89,Burnaby,Ashe,bashe2g@ft.com,Male,163.73.38.81
90,Dall,Virgo,dvirgo2h@sina.com.cn,Male,152.56.111.42
91,Julian,Basham,jbasham2i@hostgator.com,Male,203.239.56.24
92,Paddy,Egerton,pegerton2j@narod.ru,Male,190.10.19.16
93,Denis,O'Kennedy,dokennedy2k@ocn.ne.jp,Male,175.29.211.236
94,Dov,Legan,dlegan2l@auda.org.au,Male,50.113.116.119
95,Risa,Kerss,rkerss2m@usa.gov,Female,43.62.81.229
96,Jenelle,Saipy,jsaipy2n@springer.com,Female,69.63.217.152
97,Ashton,Bevan,abevan2o@lycos.com,Male,83.2.253.115
98,Blithe,Lowdes,blowdes2p@taobao.com,Female,213.139.196.159
99,Ronald,Deeprose,rdeeprose2q@europa.eu,Male,244.178.203.145
100,Jae,Semorad,jsemorad2r@comcast.net,Male,252.61.188.9
101,Joycelin,Hanratty,jhanratty2s@gravatar.com,Female,102.183.175.128
102,Nowell,Millership,nmillership2t@forbes.com,Male,202.5.172.156
103,Garik,Shirley,gshirley2u@example.com,Male,128.178.185.151
104,Greta,Toun,gtoun2v@devhub.com,Female,149.153.164.107
105,Vally,Bortolomei,vbortolomei2w@goo.gl,Female,165.88.177.189
106,Moria,Casella,mcasella2x@hatena.ne.jp,Female,175.101.229.84
107,Beverie,Gaunson,bgaunson2y@deliciousdays.com,Female,52.230.67.177
108,Winifield,MacCafferky,wmaccafferky2z@godaddy.com,Male,97.183.157.122
109,Dannel,Moulds,dmoulds30@virginia.edu,Male,213.12.240.70
110,Antonin,Easom,aeasom31@weibo.com,Male,160.251.38.169
111,Corry,Lordon,clordon32@nifty.com,Female,203.28.141.78
112,Carita,Freeberne,cfreeberne33@paginegialle.it,Female,196.240.213.39
113,Dorothee,Heams,dheams34@dell.com,Female,93.181.65.173
114,Renado,Ramelet,rramelet35@canalblog.com,Male,76.55.197.9
115,Shannan,Nevill,snevill36@weibo.com,Male,203.173.187.232
116,Zacherie,Leneve,zleneve37@unblog.fr,Male,254.130.223.241
117,Georges,MacColl,gmaccoll38@symantec.com,Male,36.24.8.117
118,Gris,Barthrup,gbarthrup39@berkeley.edu,Male,97.228.154.5
119,Anderea,Borrell,aborrell3a@nsw.gov.au,Female,182.15.238.23
120,Dee dee,Mannock,dmannock3b@google.nl,Female,17.233.95.6
121,Torey,Copcutt,tcopcutt3c@ucoz.ru,Female,156.97.65.142
122,Jamal,Bowyer,jbowyer3d@wordpress.org,Male,61.189.49.177
123,Pyotr,Roan,proan3e@umich.edu,Male,233.164.96.54
124,Shane,Ditts,sditts3f@ifeng.com,Female,90.135.63.112
125,Stefan,Lippard,slippard3g@a8.net,Male,63.64.94.162
126,Boycey,Bennett,bbennett3h@dagondesign.com,Male,148.102.67.112
127,Rancell,Minchinden,rminchinden3i@home.pl,Male,248.246.115.45
128,Bernardina,Winchcombe,bwinchcombe3j@home.pl,Female,235.97.28.39
129,Hunfredo,Sheard,hsheard3k@privacy.gov.au,Male,112.96.166.194
130,Domini,Hedylstone,dhedylstone3l@symantec.com,Female,169.116.249.42
131,Sibel,Dunnet,sdunnet3m@webmd.com,Female,36.225.223.247
132,Scottie,Hadden,shadden3n@cyberchimps.com,Male,93.133.32.35
133,Konrad,Bruins,kbruins3o@craigslist.org,Male,207.0.111.222
134,Noe,Dacke,ndacke3p@abc.net.au,Male,49.29.138.205
135,Theodore,Spelling,tspelling3q@moonfruit.com,Male,121.120.170.153
136,Simeon,Harbertson,sharbertson3r@zimbio.com,Male,86.2.193.42
137,Annecorinne,Reinert,areinert3s@paypal.com,Female,131.7.106.42
138,Douglas,Lumsdall,dlumsdall3t@flavors.me,Male,172.149.214.107
139,Cassie,Dale,cdale3u@mlb.com,Female,140.186.191.188
140,Aviva,Lorrimer,alorrimer3v@ocn.ne.jp,Female,255.166.181.5
141,Aprilette,O'Hare,aohare3w@hugedomains.com,Female,244.105.124.166
142,Scottie,Blackleech,sblackleech3x@apache.org,Male,107.86.21.184
143,Hersch,Loadman,hloadman3y@cyberchimps.com,Male,213.26.93.145
144,Alain,Krollman,akrollman3z@ezinearticles.com,Male,169.233.214.108
145,Conan,Gorwood,cgorwood40@google.it,Male,232.121.158.59
146,Georgie,Cripin,gcripin41@dyndns.org,Male,224.4.218.158
147,Pablo,MacFayden,pmacfayden42@nymag.com,Male,86.168.51.148
148,Sherry,Lenin,slenin43@youku.com,Female,150.27.193.25
149,Constantina,Hunton,chunton44@ifeng.com,Female,51.238.34.255
150,Dorelia,Pohlak,dpohlak45@tinyurl.com,Female,215.113.122.5
151,Joye,Dodshon,jdodshon46@examiner.com,Female,226.118.185.220
152,Aigneis,Blenkinship,ablenkinship47@biblegateway.com,Female,48.190.55.230
153,Constantine,Russen,crussen48@surveymonkey.com,Male,128.65.240.169
154,Antoine,Murr,amurr49@eventbrite.com,Male,14.24.255.173
155,Colette,Yellep,cyellep4a@nationalgeographic.com,Female,38.94.59.241
156,Ricardo,Wenderott,rwenderott4b@bravesites.com,Male,162.195.121.201
157,Derrek,Cicculi,dcicculi4c@usa.gov,Male,116.112.196.17
158,Geordie,Reith,greith4d@webnode.com,Male,122.4.160.254
159,Luce,Loseke,lloseke4e@wikipedia.org,Male,12.227.243.2
160,Larina,Colebeck,lcolebeck4f@economist.com,Female,56.211.155.222
161,Fernando,Looney,flooney4g@homestead.com,Male,201.50.62.241
162,Ibbie,Jenton,ijenton4h@furl.net,Female,208.144.173.23
163,Florina,Strapp,fstrapp4i@ning.com,Female,232.55.124.177
164,Kalindi,Keppie,kkeppie4j@ibm.com,Female,77.212.21.34
165,Lorianna,Morstatt,lmorstatt4k@dyndns.org,Female,221.88.224.192
166,Zared,Ivanchov,zivanchov4l@cloudflare.com,Male,173.62.154.55
167,Itch,Eschalotte,ieschalotte4m@artisteer.com,Male,21.154.87.65
168,Valery,Cartmell,vcartmell4n@scribd.com,Female,200.59.217.206
169,Rosabella,Snowden,rsnowden4o@blogtalkradio.com,Female,27.160.57.131
170,Farr,Benwell,fbenwell4p@t.co,Male,78.174.157.159
171,Raimondo,Kubin,rkubin4q@1688.com,Male,56.203.49.20
172,Sher,Boxhill,sboxhill4r@ted.com,Female,163.72.7.61
173,Nicko,Harridge,nharridge4s@deviantart.com,Male,15.13.169.120
174,Delmore,Esslement,desslement4t@narod.ru,Male,39.191.73.157
175,Zarah,Maryska,zmaryska4u@ovh.net,Female,132.59.112.21
176,Lanny,Baseke,lbaseke4v@prlog.org,Male,48.125.15.6
177,Flss,Djorevic,fdjorevic4w@eventbrite.com,Female,189.107.30.108
178,Lorena,Plaskitt,lplaskitt4x@squarespace.com,Female,159.134.182.185
179,Toni,Sebborn,tsebborn4y@state.tx.us,Female,47.223.136.226
180,Chrissie,Dundon,cdundon4z@cornell.edu,Female,99.5.52.236
181,Darren,Estrella,destrella50@arstechnica.com,Male,46.253.253.164
182,Sargent,Jewise,sjewise51@cam.ac.uk,Male,77.13.15.211
183,Avrom,Benge,abenge52@hc360.com,Male,141.129.5.19
184,Stefania,Lander,slander53@lulu.com,Female,146.202.97.31
185,Brant,De Giorgio,bdegiorgio54@amazon.com,Male,114.185.114.217
186,Justis,Blanc,jblanc55@soundcloud.com,Male,115.24.15.36
187,Amy,Aronoff,aaronoff56@hc360.com,Female,18.61.76.135
188,Kit,Seeger,kseeger57@printfriendly.com,Male,37.112.198.55
189,Welsh,Goodfellowe,wgoodfellowe58@sohu.com,Male,224.153.243.50
190,Mela,Childs,mchilds59@domainmarket.com,Female,145.171.243.70
191,Liam,Cogzell,lcogzell5a@g.co,Male,80.94.64.90
192,Helge,Konert,hkonert5b@webs.com,Female,109.57.239.251
193,Lanna,Aulds,laulds5c@jimdo.com,Female,142.24.82.132
194,Buck,Coy,bcoy5d@unicef.org,Male,129.63.242.150
195,Hazel,Campo,hcampo5e@1und1.de,Male,17.173.139.110
196,Max,Cazin,mcazin5f@ihg.com,Male,131.156.20.155
197,Tillie,Cutriss,tcutriss5g@github.io,Female,103.94.37.172
198,Brook,Spolton,bspolton5h@independent.co.uk,Male,123.165.159.26
199,Gisella,Aucott,gaucott5i@reddit.com,Female,131.116.42.113
200,Consalve,Findlater,cfindlater5j@spotify.com,Male,184.113.27.149
201,Corette,D'Elia,cdelia5k@t-online.de,Female,215.96.173.196
202,Hans,Sheriff,hsheriff5l@discovery.com,Male,58.67.86.218
203,Opalina,Spottiswood,ospottiswood5m@nsw.gov.au,Female,78.223.143.130
204,Corrianne,Dysert,cdysert5n@free.fr,Female,249.238.155.31
205,Margaretha,Bumphries,mbumphries5o@opera.com,Female,254.164.104.191
206,Emmi,Marquese,emarquese5p@google.de,Female,213.16.182.17
207,Heywood,Hinnerk,hhinnerk5q@google.ca,Male,218.218.210.49
208,Erasmus,Dubbin,edubbin5r@chron.com,Male,70.18.1.61
209,Aldin,Montacute,amontacute5s@paypal.com,Male,203.81.211.155
210,Sharyl,Siburn,ssiburn5t@mashable.com,Female,171.188.216.81
211,Byran,Dabnor,bdabnor5u@angelfire.com,Male,42.96.57.89
212,Bendix,Paike,bpaike5v@mac.com,Male,5.48.49.31
213,Delainey,Caze,dcaze5w@mashable.com,Male,7.11.168.107
214,Garret,Robion,grobion5x@ox.ac.uk,Male,56.149.193.251
215,Linette,Brittles,lbrittles5y@clickbank.net,Female,236.244.157.153
216,Shawnee,Ivanishev,sivanishev5z@narod.ru,Female,237.58.22.149
217,Chariot,Hilbourne,chilbourne60@narod.ru,Male,220.55.101.18
218,Caldwell,Downing,cdowning61@nhs.uk,Male,193.180.12.43
219,Marsiella,Eiler,meiler62@icio.us,Female,137.84.41.153
220,Nollie,O'Dyvoy,nodyvoy63@ebay.co.uk,Female,82.97.54.73
221,Imogen,Keable,ikeable64@cargocollective.com,Female,220.209.233.173
222,Joice,Jessett,jjessett65@nih.gov,Female,61.178.68.193
223,Ax,Covert,acovert66@feedburner.com,Male,206.188.48.65
224,Jacky,Crut,jcrut67@goo.ne.jp,Male,118.101.128.18
225,Anderea,Spurden,aspurden68@issuu.com,Female,239.57.141.32
226,Sarette,De Blasio,sdeblasio69@time.com,Female,172.255.243.166
227,Demetra,Rispine,drispine6a@hubpages.com,Female,103.89.47.140
228,Harwilll,Bullough,hbullough6b@dot.gov,Male,34.64.216.11
229,Codie,Burker,cburker6c@npr.org,Male,94.119.223.240
230,Alisander,Mozzi,amozzi6d@bloglines.com,Male,30.17.152.137
231,Stephanus,Whitman,swhitman6e@craigslist.org,Male,224.245.140.157
232,Marylee,Gissop,mgissop6f@facebook.com,Female,172.86.8.48
233,Francoise,MacKereth,fmackereth6g@live.com,Female,201.60.252.136
234,Aloisia,Grabbam,agrabbam6h@chron.com,Female,53.133.59.90
235,Libbie,Manssuer,lmanssuer6i@t-online.de,Female,178.27.203.135
236,Kare,Cantrill,kcantrill6j@fda.gov,Female,143.205.117.24
237,Anatol,Cooley,acooley6k@scientificamerican.com,Male,151.186.184.152
238,Lynnea,Van Weedenburg,lvanweedenburg6l@europa.eu,Female,94.232.9.82
239,Stafford,Briar,sbriar6m@meetup.com,Male,51.98.94.48
240,Coral,Butcher,cbutcher6n@redcross.org,Female,37.58.156.199
241,Adriena,Piddocke,apiddocke6o@squarespace.com,Female,185.177.238.66
242,Merrel,Bog,mbog6p@ed.gov,Male,179.185.227.93
243,Patty,Birds,pbirds6q@blogs.com,Male,186.204.204.39
244,Rod,Yacobsohn,ryacobsohn6r@indiatimes.com,Male,202.149.211.119
245,Minnaminnie,Roony,mroony6s@macromedia.com,Female,208.194.3.27
246,Grange,Bonner,gbonner6t@msn.com,Male,125.213.129.54
247,Eldredge,Eacott,eeacott6u@indiegogo.com,Male,92.187.137.84
248,Ulick,Chawner,uchawner6v@netlog.com,Male,178.217.207.200
249,Lana,Dobbings,ldobbings6w@berkeley.edu,Female,104.165.104.210
250,April,Sowerby,asowerby6x@aol.com,Female,106.120.16.252
251,Hersch,Symms,hsymms6y@wisc.edu,Male,68.86.130.157
252,Reinaldo,Lax,rlax6z@imdb.com,Male,170.99.212.90
253,Trish,D'Almeida,tdalmeida70@whitehouse.gov,Female,181.166.16.68
254,Angelia,Cohen,acohen71@gizmodo.com,Female,26.176.189.76
255,Walsh,Blincko,wblincko72@ft.com,Male,223.254.3.229
256,Mead,Engelmann,mengelmann73@uiuc.edu,Male,165.161.100.107
257,Fraze,Walklett,fwalklett74@google.ru,Male,161.53.99.2
258,Rubie,Feaks,rfeaks75@mashable.com,Female,101.83.116.36
259,Malena,Dilloway,mdilloway76@devhub.com,Female,63.225.189.246
260,Randene,Gowman,rgowman77@friendfeed.com,Female,118.244.6.0
261,Alwin,Hudspith,ahudspith78@technorati.com,Male,74.189.57.14
262,Cobby,McConachie,cmcconachie79@over-blog.com,Male,94.231.37.81
263,Agatha,Grigore,agrigore7a@virginia.edu,Female,44.126.245.152
264,Lemmie,Lodwick,llodwick7b@sohu.com,Male,80.199.100.158
265,Lark,Wanne,lwanne7c@free.fr,Female,242.132.13.197
266,Camellia,Thorndale,cthorndale7d@mit.edu,Female,238.146.54.111
267,Giana,Lamartine,glamartine7e@163.com,Female,171.43.74.100
268,Candis,Selvester,cselvester7f@blogger.com,Female,190.69.110.84
269,Jewel,Thunnerclef,jthunnerclef7g@europa.eu,Female,47.127.3.231
270,Kelby,Frankcomb,kfrankcomb7h@issuu.com,Male,122.162.107.32
271,Trent,Benasik,tbenasik7i@constantcontact.com,Male,80.176.41.39
272,Isidro,Chartres,ichartres7j@biblegateway.com,Male,165.234.21.154
273,Andeee,Gori,agori7k@shareasale.com,Female,31.66.143.154
274,Trudi,Chazerand,tchazerand7l@mac.com,Female,190.24.96.124
275,Tybalt,Goodburn,tgoodburn7m@hud.gov,Male,93.178.163.235
276,Ab,Marling,amarling7n@techcrunch.com,Male,115.13.253.255
277,Lyda,Segot,lsegot7o@fc2.com,Female,107.25.227.214
278,Henrie,Whimp,hwhimp7p@prweb.com,Female,128.105.150.177
279,Aldis,Pariss,apariss7q@imdb.com,Male,246.39.142.224
280,Charmaine,Spellicy,cspellicy7r@mayoclinic.com,Female,248.3.222.155
281,Maure,Knuckles,mknuckles7s@mlb.com,Female,137.239.181.5
282,Abel,Sidon,asidon7t@technorati.com,Male,98.9.34.87
283,Sylas,Soame,ssoame7u@yahoo.co.jp,Male,103.194.28.54
284,Aldwin,Foucard,afoucard7v@google.ru,Male,91.20.241.207
285,Gerry,Anslow,ganslow7w@mapy.cz,Female,61.195.8.96
286,Augy,Dahle,adahle7x@bloglines.com,Male,222.159.143.64
287,Alvy,Flooks,aflooks7y@booking.com,Male,136.10.170.11
288,Constantine,Simenel,csimenel7z@eepurl.com,Female,219.218.66.138
289,Carny,Hunday,chunday80@squidoo.com,Male,59.237.14.125
290,Hube,Hughill,hhughill81@europa.eu,Male,192.150.228.101
291,Lowell,Taggett,ltaggett82@seattletimes.com,Male,81.20.151.9
292,Jena,D'Almeida,jdalmeida83@scientificamerican.com,Female,80.165.124.41
293,Garret,Whatmough,gwhatmough84@nbcnews.com,Male,236.240.74.235
294,Ali,Josefs,ajosefs85@cnn.com,Male,35.133.153.201
295,Tadeo,Leversuch,tleversuch86@tiny.cc,Male,112.192.130.97
296,Rebbecca,Ricard,rricard87@intel.com,Female,24.8.144.207
297,Bay,Richings,brichings88@mayoclinic.com,Male,14.194.116.242
298,Phillida,Scottesmoor,pscottesmoor89@amazon.de,Female,245.232.161.124
299,Collete,Garey,cgarey8a@google.pl,Female,222.63.248.105
300,Emalee,Veregan,everegan8b@i2i.jp,Female,192.80.53.35
301,Christoforo,Dockrey,cdockrey8c@who.int,Male,186.58.95.107
302,Rosco,Crocetto,rcrocetto8d@shutterfly.com,Male,249.78.87.21
303,Trefor,Brantzen,tbrantzen8e@de.vu,Male,178.221.199.28
304,Sebastiano,Glanders,sglanders8f@economist.com,Male,40.11.240.199
305,Nikki,Lightfoot,nlightfoot8g@clickbank.net,Male,40.251.193.77
306,Stan,Northcott,snorthcott8h@istockphoto.com,Male,218.49.19.23
307,Kit,Silverston,ksilverston8i@google.co.jp,Female,145.252.171.242
308,Geoffrey,Fearney,gfearney8j@accuweather.com,Male,214.140.201.188
309,Raye,Anslow,ranslow8k@surveymonkey.com,Female,252.254.98.55
310,Roarke,Tumielli,rtumielli8l@fda.gov,Male,31.212.120.86
311,Mellisa,Fernie,mfernie8m@sphinn.com,Female,30.53.28.186
312,Linnie,Brooks,lbrooks8n@illinois.edu,Female,136.117.105.250
313,Lorelle,Woolstenholmes,lwoolstenholmes8o@spiegel.de,Female,148.66.237.27
314,Rawley,Lamps,rlamps8p@taobao.com,Male,217.135.153.83
315,Stella,Varndall,svarndall8q@diigo.com,Female,28.18.151.214
316,Tony,Pepall,tpepall8r@naver.com,Female,22.47.81.199
317,Marci,Kayley,mkayley8s@irs.gov,Female,31.36.137.131
318,Kippie,Panther,kpanther8t@furl.net,Male,187.213.112.4
319,Waylen,Landsman,wlandsman8u@friendfeed.com,Male,54.153.101.23
320,Erma,Brewis,ebrewis8v@tinypic.com,Female,206.121.210.13
321,Jenine,Gotter,jgotter8w@rakuten.co.jp,Female,128.127.242.219
322,Antone,O'Clery,aoclery8x@cbc.ca,Male,227.37.45.122
323,Maximilianus,Descroix,mdescroix8y@woothemes.com,Male,212.174.73.209
324,Pru,Mildenhall,pmildenhall8z@tinypic.com,Female,35.35.47.249
325,Jimmy,Hare,jhare90@comcast.net,Male,42.188.100.213
326,Ted,Feeham,tfeeham91@bloglines.com,Male,61.78.216.76
327,Cammy,Szanto,cszanto92@biblegateway.com,Female,235.142.246.41
328,Taber,Wycliff,twycliff93@zimbio.com,Male,108.189.191.36
329,Leif,Blurton,lblurton94@google.es,Male,165.235.236.195
330,Alphonse,Gallyon,agallyon95@skype.com,Male,80.228.245.79
331,Alexandra,Alekseev,aalekseev96@nydailynews.com,Female,137.176.207.226
332,Antoni,O'Criane,aocriane97@google.ru,Male,222.28.183.81
333,Seymour,Shingler,sshingler98@shop-pro.jp,Male,186.244.125.4
334,Earlie,Covelle,ecovelle99@about.com,Male,199.154.132.104
335,Orin,Hacard,ohacard9a@amazon.de,Male,53.7.166.152
336,Dael,Lamont,dlamont9b@cyberchimps.com,Male,158.187.72.202
337,Loleta,Parkinson,lparkinson9c@devhub.com,Female,55.98.103.217
338,Shep,Perutto,sperutto9d@spotify.com,Male,245.243.80.50
339,Benjamen,Walworth,bwalworth9e@e-recht24.de,Male,118.37.26.80
340,Nicola,Avramovic,navramovic9f@phpbb.com,Female,167.40.236.159
341,Worthington,Parkman,wparkman9g@topsy.com,Male,242.55.85.188
342,Audre,McAmish,amcamish9h@ask.com,Female,63.70.255.124
343,Trixie,Lester,tlester9i@ucoz.ru,Female,42.38.210.237
344,Garv,Oakhill,goakhill9j@vimeo.com,Male,172.212.6.78
345,Shandra,Keable,skeable9k@github.com,Female,142.107.60.190
346,Lem,Ponnsett,lponnsett9l@ycombinator.com,Male,217.178.237.173
347,Kleon,Marousek,kmarousek9m@umich.edu,Male,153.214.177.109
348,Ebony,Crewe,ecrewe9n@angelfire.com,Female,10.237.255.70
349,Harwell,Branscomb,hbranscomb9o@unblog.fr,Male,212.212.51.240
350,Tasha,Duffitt,tduffitt9p@twitpic.com,Female,148.88.193.156
351,Charyl,Sitlington,csitlington9q@china.com.cn,Female,44.209.42.37
352,Tybalt,Constant,tconstant9r@blogtalkradio.com,Male,211.250.168.201
353,Ronny,Scandrick,rscandrick9s@gnu.org,Male,113.125.250.195
354,Netti,Mattessen,nmattessen9t@parallels.com,Female,5.182.63.251
355,Vlad,Esmonde,vesmonde9u@blogtalkradio.com,Male,49.119.53.56
356,Grant,Reams,greams9v@intel.com,Male,108.36.116.40
357,Perri,Gambrell,pgambrell9w@nature.com,Female,75.86.54.35
358,Leanora,Capron,lcapron9x@patch.com,Female,16.184.91.182
359,Farly,Breede,fbreede9y@cbslocal.com,Male,251.73.192.75
360,Moselle,MacAnulty,mmacanulty9z@columbia.edu,Female,228.131.20.46
361,Elwyn,Heddon,eheddona0@tripadvisor.com,Male,234.161.152.138
362,Rubin,Cramer,rcramera1@boston.com,Male,166.239.180.56
363,Joelle,Dairton,jdairtona2@w3.org,Female,113.87.215.200
364,Thomasina,Babbs,tbabbsa3@liveinternet.ru,Female,19.51.80.52
365,Holly,Swinford,hswinforda4@constantcontact.com,Female,209.15.15.111
366,Bevon,Fouracre,bfouracrea5@china.com.cn,Male,162.243.176.160
367,Iosep,Oubridge,ioubridgea6@goo.ne.jp,Male,34.183.112.176
368,Shoshana,Vlasov,svlasova7@boston.com,Female,172.30.81.85
369,Gardiner,Skeermor,gskeermora8@vkontakte.ru,Male,97.19.201.118
370,Rozamond,Cecere,rcecerea9@privacy.gov.au,Female,22.161.182.70
371,Shelley,Tuting,stutingaa@sciencedaily.com,Female,88.44.197.194
372,Padgett,Slee,psleeab@infoseek.co.jp,Male,107.7.92.159
373,Pearl,Dwelling,pdwellingac@soup.io,Female,129.117.194.85
374,Nicolas,Folan,nfolanad@merriam-webster.com,Male,200.182.190.3
375,Zachery,Presnail,zpresnailae@patch.com,Male,89.183.3.3
376,Fayth,Mityushkin,fmityushkinaf@nih.gov,Female,101.136.51.167
377,Garey,Hebbron,ghebbronag@cafepress.com,Male,180.11.193.138
378,Barth,Ventura,bventuraah@netscape.com,Male,36.134.225.53
379,Andeee,Cretney,acretneyai@abc.net.au,Female,99.93.240.135
380,Dorolisa,Hauxley,dhauxleyaj@paginegialle.it,Female,42.18.195.155
381,Casie,Titt,ctittak@yahoo.co.jp,Female,37.239.164.130
382,Hilton,Ghirardi,hghirardial@furl.net,Male,140.58.236.92
383,Lottie,Jeanesson,ljeanessonam@topsy.com,Female,197.252.87.246
384,Geneva,McRobbie,gmcrobbiean@dell.com,Female,30.115.69.84
385,Emilee,Gasquoine,egasquoineao@unblog.fr,Female,202.92.109.21
386,Edithe,Stabler,establerap@digg.com,Female,76.159.95.10
387,Alessandro,McAughtry,amcaughtryaq@samsung.com,Male,235.90.76.149
388,Tomaso,Rolinson,trolinsonar@theglobeandmail.com,Male,139.109.56.93
389,Jayme,Gerant,jgerantas@usatoday.com,Male,72.50.6.244
390,Norene,Deam,ndeamat@usatoday.com,Female,53.100.157.110
391,See,Simons,ssimonsau@usa.gov,Male,227.113.165.86
392,Raddie,Burleigh,rburleighav@alibaba.com,Male,155.136.18.182
393,Wynne,Ozintsev,wozintsevaw@blogs.com,Female,174.18.218.216
394,Banky,Noyes,bnoyesax@g.co,Male,28.37.34.27
395,Thorny,Pavinese,tpavineseay@diigo.com,Male,92.242.14.35
396,Calhoun,O'Calleran,cocalleranaz@cnet.com,Male,92.171.206.133
397,Jorie,MacCrossan,jmaccrossanb0@google.nl,Female,18.8.203.40
398,Meier,Messer,mmesserb1@people.com.cn,Male,119.74.49.60
399,Gwendolyn,Brightie,gbrightieb2@cbc.ca,Female,120.90.130.36
400,Ebonee,Siviter,esiviterb3@nationalgeographic.com,Female,248.205.104.242
401,Waverly,Segrave,wsegraveb4@infoseek.co.jp,Male,183.93.214.229
402,Zahara,Wittleton,zwittletonb5@de.vu,Female,97.167.41.78
403,Jefferson,Petasch,jpetaschb6@shop-pro.jp,Male,125.155.204.155
404,Cammy,Seeviour,cseeviourb7@tiny.cc,Male,172.142.21.181
405,Daphene,McIlhatton,dmcilhattonb8@tripadvisor.com,Female,232.248.195.52
406,Timi,Hutley,thutleyb9@businessweek.com,Female,133.182.59.161
407,Luce,Seer,lseerba@rakuten.co.jp,Male,48.83.40.101
408,Carla,Dovington,cdovingtonbb@wordpress.org,Female,172.119.190.97
409,Cirstoforo,Blunt,cbluntbc@wikia.com,Male,8.197.250.6
410,Martie,Laborda,mlabordabd@opera.com,Female,214.73.213.113
411,Rice,Sommerville,rsommervillebe@cloudflare.com,Male,72.46.237.16
412,Nisse,Scadden,nscaddenbf@google.com,Female,65.69.69.179
413,Syd,Kincade,skincadebg@issuu.com,Male,39.72.186.169
414,Ashien,Roubottom,aroubottombh@google.it,Female,125.170.235.29
415,Nelle,MacKill,nmackillbi@slashdot.org,Female,118.224.100.121
416,Elysha,Berthelmot,eberthelmotbj@amazon.de,Female,189.50.135.110
417,Jordan,Fordy,jfordybk@wix.com,Male,189.17.192.160
418,Shari,Cumberledge,scumberledgebl@icio.us,Female,93.56.198.42
419,Morse,Snelman,msnelmanbm@com.com,Male,58.252.116.233
420,Joellen,Casa,jcasabn@buzzfeed.com,Female,164.128.74.230
421,Benji,Wabb,bwabbbo@google.com.hk,Male,144.52.65.51
422,Kerk,Hullbrook,khullbrookbp@ted.com,Male,51.178.60.152
423,Jillana,Guidi,jguidibq@github.com,Female,177.158.237.195
424,Nowell,Caurah,ncaurahbr@jimdo.com,Male,50.38.220.103
425,Antonia,McLernon,amclernonbs@squarespace.com,Female,122.204.173.209
426,Mandel,Willcot,mwillcotbt@noaa.gov,Male,162.163.163.199
427,Emery,Stebbing,estebbingbu@xrea.com,Male,60.174.141.206
428,Vlad,Drache,vdrachebv@mashable.com,Male,21.41.94.222
429,Blinni,Kinghorn,bkinghornbw@hp.com,Female,135.44.18.106
430,Paxon,Rodders,proddersbx@surveymonkey.com,Male,162.203.28.44
431,Garvin,Haxby,ghaxbyby@spotify.com,Male,251.228.42.208
432,Dorise,Arghent,darghentbz@msn.com,Female,68.66.77.81
433,Nat,Louys,nlouysc0@myspace.com,Female,45.182.70.114
434,Chery,Camock,ccamockc1@icq.com,Female,110.162.27.44
435,Solly,Gainsburgh,sgainsburghc2@yelp.com,Male,224.125.154.157
436,Mady,Faughey,mfaugheyc3@weebly.com,Female,210.210.247.236
437,Marv,Cirlos,mcirlosc4@imdb.com,Male,34.224.166.60
438,Joell,Mabbitt,jmabbittc5@123-reg.co.uk,Female,238.187.19.223
439,Jen,Verbruggen,jverbruggenc6@ted.com,Female,114.17.250.10
440,Gino,Paz,gpazc7@nih.gov,Male,30.11.223.94
441,Harmonie,Cauthra,hcauthrac8@state.gov,Female,231.106.24.221
442,Sonny,Alexandre,salexandrec9@sciencedaily.com,Male,228.255.122.109
443,Filippa,Ciubutaro,fciubutaroca@google.com.hk,Female,37.247.116.146
444,Elsa,Mayou,emayoucb@about.me,Female,60.220.79.237
445,Franklyn,Sheffield,fsheffieldcc@posterous.com,Male,71.54.174.93
446,Shannon,McEllen,smcellencd@patch.com,Female,64.140.23.3
447,Jacinta,Askem,jaskemce@fastcompany.com,Female,203.19.69.4
448,Sanders,Grafom,sgrafomcf@addtoany.com,Male,100.225.194.157
449,Nadya,Buxcey,nbuxceycg@joomla.org,Female,229.123.53.27
450,Delores,Hulk,dhulkch@google.ru,Female,255.212.108.245
451,Prudi,Maryet,pmaryetci@flickr.com,Female,197.67.239.83
452,Ilario,Jedraszczyk,ijedraszczykcj@studiopress.com,Male,31.237.233.98
453,Deerdre,Dulson,ddulsonck@arstechnica.com,Female,122.107.219.242
454,West,Bousquet,wbousquetcl@instagram.com,Male,253.197.9.226
455,Abbe,Bellerby,abellerbycm@usnews.com,Female,73.227.85.80
456,Zacharia,Burdass,zburdasscn@icq.com,Male,52.139.158.200
457,Hilarius,Duigan,hduiganco@buzzfeed.com,Male,64.77.227.100
458,Meridel,Slator,mslatorcp@ask.com,Female,145.68.60.147
459,Gabriel,Fassman,gfassmancq@seesaa.net,Male,54.234.25.131
460,Orv,Saipy,osaipycr@cnn.com,Male,27.157.255.184
461,Carter,Sworne,cswornecs@home.pl,Male,123.194.65.216
462,Meier,Devereu,mdevereuct@fc2.com,Male,189.165.218.200
463,Andres,Carslake,acarslakecu@bloomberg.com,Male,206.244.28.179
464,Elsbeth,Scarborough,escarboroughcv@hp.com,Female,233.137.62.185
465,Pace,Biasotti,pbiasotticw@netscape.com,Male,74.80.184.233
466,Rici,Leedal,rleedalcx@cloudflare.com,Female,112.236.204.89
467,Lyon,Dressell,ldressellcy@bbc.co.uk,Male,86.243.65.244
468,Tilly,Hanstock,thanstockcz@youtu.be,Female,116.188.13.27
469,Koral,Pettko,kpettkod0@linkedin.com,Female,17.57.102.8
470,Dallas,Quick,dquickd1@home.pl,Female,235.37.65.176
471,Gavrielle,Campanelli,gcampanellid2@go.com,Female,27.197.94.163
472,Shaughn,Adriano,sadrianod3@stumbleupon.com,Male,63.28.208.38
473,Louie,Colum,lcolumd4@dion.ne.jp,Male,143.91.252.127
474,Rosemonde,Gabbidon,rgabbidond5@huffingtonpost.com,Female,50.202.104.85
475,Engelbert,Heyworth,eheyworthd6@com.com,Male,86.53.53.122
476,Adriena,Suffield,asuffieldd7@lycos.com,Female,171.101.250.221
477,Gypsy,Henri,ghenrid8@lulu.com,Female,211.230.11.19
478,Ebony,Mears,emearsd9@hc360.com,Female,136.4.169.164
479,Twyla,Ysson,tyssonda@hc360.com,Female,122.43.122.148
480,Juanita,Daly,jdalydb@ustream.tv,Female,245.89.91.51
481,Anett,Jeske,ajeskedc@uol.com.br,Female,95.154.159.144
482,Early,Forbear,eforbeardd@fda.gov,Male,5.148.189.53
483,Reg,Reimer,rreimerde@baidu.com,Male,55.245.132.57
484,Sheryl,Paddingdon,spaddingdondf@hp.com,Female,204.239.241.11
485,Vonni,Uebel,vuebeldg@globo.com,Female,16.165.245.182
486,Myrtle,Murphy,mmurphydh@surveymonkey.com,Female,2.184.73.238
487,Aurlie,Howlin,ahowlindi@symantec.com,Female,54.100.205.49
488,Aida,Cutchee,acutcheedj@spotify.com,Female,25.188.14.187
489,Nollie,Izzat,nizzatdk@marriott.com,Male,144.208.10.30
490,Levin,Honywill,lhonywilldl@pen.io,Male,180.216.243.24
491,Ximenez,Malletratt,xmalletrattdm@macromedia.com,Male,223.97.143.14
492,Randee,Vaughton,rvaughtondn@mediafire.com,Female,245.242.201.156
493,Hershel,Mighele,hmigheledo@about.com,Male,18.89.255.152
494,Lenard,Scarman,lscarmandp@umn.edu,Male,98.217.224.10
495,Valentine,Mendoza,vmendozadq@chronoengine.com,Female,27.163.171.22
496,Christopher,Goldstein,cgoldsteindr@oaic.gov.au,Male,167.255.78.169
497,Frederico,Hamm,fhammds@histats.com,Male,202.209.63.73
498,Merle,Allard,mallarddt@pbs.org,Female,228.29.59.25
499,Valerye,Cannaway,vcannawaydu@cyberchimps.com,Female,178.1.79.120
500,Bettye,Fancourt,bfancourtdv@cafepress.com,Female,120.45.189.135
501,Norman,Littleton,nlittletondw@businesswire.com,Male,127.143.32.182
502,Jack,Champneys,jchampneysdx@census.gov,Male,12.5.187.84
503,Konrad,McGahern,kmcgaherndy@google.nl,Male,77.1.124.91
504,Burton,McLemon,bmclemondz@360.cn,Male,9.250.162.112
505,Mark,Stalf,mstalfe0@fotki.com,Male,240.96.236.80
506,Rad,Jellicorse,rjellicorsee1@smh.com.au,Male,114.47.166.6
507,Manuel,Jecock,mjecocke2@angelfire.com,Male,16.243.3.98
508,Gerda,Watling,gwatlinge3@phoca.cz,Female,221.215.31.30
509,Ham,Somerset,hsomersete4@examiner.com,Male,151.124.75.42
510,Gilbertina,Drogan,gdrogane5@telegraph.co.uk,Female,161.200.54.191
511,Broddie,Rabbitt,brabbitte6@bbc.co.uk,Male,81.80.14.82
512,Dolores,Meah,dmeahe7@upenn.edu,Female,34.187.169.132
513,Catharina,Ishaki,cishakie8@gizmodo.com,Female,170.202.116.199
514,Elizabet,Saberton,esabertone9@adobe.com,Female,130.190.47.14
515,Rozina,Bride,rbrideea@bloglovin.com,Female,190.191.188.189
516,Clarie,Impy,cimpyeb@qq.com,Female,162.71.91.162
517,Alisander,Shelsher,ashelsherec@shop-pro.jp,Male,157.110.161.130
518,Auberon,Giovannazzi,agiovannazzied@mozilla.org,Male,239.171.159.123
519,Bianka,Waring,bwaringee@cornell.edu,Female,114.211.163.63
520,Etti,Cregan,ecreganef@unblog.fr,Female,198.34.48.148
521,Evelyn,Soares,esoareseg@opensource.org,Male,217.152.199.33
522,Jackelyn,Eake,jeakeeh@mapquest.com,Female,177.100.96.155
523,Ernie,Congrave,econgraveei@biglobe.ne.jp,Male,79.212.201.176
524,Graehme,Lauritsen,glauritsenej@example.com,Male,208.100.234.141
525,Tito,Houliston,thoulistonek@dmoz.org,Male,93.185.83.251
526,Denny,McGlue,dmcglueel@mail.ru,Female,70.43.174.61
527,Lind,Holdron,lholdronem@smugmug.com,Female,128.104.3.181
528,Bailie,Dahler,bdahleren@upenn.edu,Male,17.221.217.71
529,Annecorinne,Moggle,amoggleeo@example.com,Female,85.27.45.204
530,Delmor,Stoffler,dstofflerep@google.com.br,Male,186.200.239.14
531,Karia,Clutton,kcluttoneq@topsy.com,Female,161.178.198.121
532,Jerrylee,Mathewson,jmathewsoner@bigcartel.com,Female,71.116.111.247
533,Cecil,Dunkersley,cdunkersleyes@studiopress.com,Male,203.141.125.177
534,Layne,Klambt,lklambtet@bigcartel.com,Female,68.138.27.34
535,Cacilie,Pietz,cpietzeu@intel.com,Female,234.94.246.219
536,Abagael,Purdie,apurdieev@issuu.com,Female,108.181.43.178
537,Nicolais,Sobtka,nsobtkaew@furl.net,Male,21.130.114.182
538,Vlad,Riddlesden,vriddlesdenex@naver.com,Male,223.65.218.75
539,Babb,Bantock,bbantockey@cdbaby.com,Female,230.127.102.69
540,Kylila,Chill,kchillez@fda.gov,Female,254.47.18.2
541,Ephrem,Jablonski,ejablonskif0@thetimes.co.uk,Male,3.160.74.128
542,Jon,Tripony,jtriponyf1@npr.org,Male,11.150.246.131
543,Ado,Kyneton,akynetonf2@nih.gov,Male,32.12.64.46
544,Anthony,Driffill,adriffillf3@eepurl.com,Male,179.64.88.255
545,Brandy,Dumberrill,bdumberrillf4@g.co,Male,140.245.161.233
546,Killie,Griffithe,kgriffithef5@dion.ne.jp,Male,180.236.166.216
547,Aldon,Rankin,arankinf6@eepurl.com,Male,164.73.214.230
548,Antonino,Menhci,amenhcif7@unblog.fr,Male,129.199.232.58
549,Lammond,Cotterill,lcotterillf8@statcounter.com,Male,193.144.63.17
550,Jules,Pitway,jpitwayf9@typepad.com,Male,200.89.2.92
551,Jemmy,Andreasson,jandreassonfa@cafepress.com,Female,83.251.43.19
552,Robb,Bonnell,rbonnellfb@smh.com.au,Male,99.44.142.154
553,Tybi,McAlinden,tmcalindenfc@dmoz.org,Female,94.81.234.81
554,Lay,Winspeare,lwinspearefd@furl.net,Male,143.227.120.191
555,Allan,Osmon,aosmonfe@uol.com.br,Male,21.252.0.230
556,Der,Medlin,dmedlinff@businessweek.com,Male,125.147.118.223
557,Lem,Kopacek,lkopacekfg@tumblr.com,Male,70.87.221.93
558,Larry,Goning,lgoningfh@ustream.tv,Male,193.185.251.2
559,Felicia,Puller,fpullerfi@360.cn,Female,199.13.184.224
560,Faber,Mengo,fmengofj@symantec.com,Male,45.68.227.255
561,Heidi,Attkins,hattkinsfk@salon.com,Female,79.130.69.175
562,Calhoun,Sorey,csoreyfl@google.nl,Male,0.110.176.185
563,Alvera,Linnock,alinnockfm@apple.com,Female,110.27.249.221
564,Ellissa,Russilll,erussilllfn@histats.com,Female,145.121.177.219
565,Peter,Sprankling,pspranklingfo@wisc.edu,Male,185.20.64.77
566,Winfred,Maulkin,wmaulkinfp@phpbb.com,Male,16.203.117.51
567,Pooh,Melarkey,pmelarkeyfq@independent.co.uk,Female,246.225.131.191
568,Kacy,Berston,kberstonfr@bloglines.com,Female,117.40.64.90
569,Jose,Betun,jbetunfs@unesco.org,Male,138.206.90.77
570,Powell,Wrought,pwroughtft@reuters.com,Male,159.195.191.36
571,Bernarr,Tollmache,btollmachefu@ifeng.com,Male,59.83.28.47
572,Randy,Brandolini,rbrandolinifv@slashdot.org,Male,175.213.100.48
573,Cornall,Duny,cdunyfw@usatoday.com,Male,85.111.144.199
574,Gray,Trivett,gtrivettfx@about.me,Female,164.200.196.140
575,Kareem,Lindstrom,klindstromfy@wunderground.com,Male,3.124.51.43
576,Barrie,Warrier,bwarrierfz@fotki.com,Female,234.248.237.49
577,Wylie,Reading,wreadingg0@hp.com,Male,132.238.187.33
578,Gar,Castana,gcastanag1@ycombinator.com,Male,8.187.144.203
579,Padget,Wudeland,pwudelandg2@twitpic.com,Male,145.225.132.170
580,Glennis,Dudney,gdudneyg3@weather.com,Female,145.72.33.232
581,Vite,Syddall,vsyddallg4@odnoklassniki.ru,Male,8.80.52.206
582,Bronny,Scudamore,bscudamoreg5@admin.ch,Male,76.132.91.124
583,Julianna,Boom,jboomg6@comsenz.com,Female,98.145.240.171
584,Agnesse,Lackinton,alackintong7@tmall.com,Female,242.217.18.75
585,Hana,Tesimon,htesimong8@geocities.jp,Female,8.241.118.23
586,Sheffie,Greschke,sgreschkeg9@mac.com,Male,39.101.115.91
587,Murial,Bucknell,mbucknellga@wordpress.org,Female,84.240.48.102
588,Brandea,Magenny,bmagennygb@sogou.com,Female,20.79.87.163
589,Carney,Calf,ccalfgc@about.com,Male,162.33.7.20
590,Ally,Poznan,apoznangd@quantcast.com,Female,208.12.52.227
591,Joshuah,Snewin,jsnewinge@scribd.com,Male,245.66.213.153
592,Gui,O'Connolly,goconnollygf@cmu.edu,Female,207.126.112.20
593,Ingar,Clappison,iclappisongg@sitemeter.com,Male,138.7.22.125
594,Starla,Timson,stimsongh@economist.com,Female,62.168.10.165
595,Gerladina,McCulley,gmcculleygi@blog.com,Female,86.219.184.216
596,Damita,Busfield,dbusfieldgj@google.cn,Female,168.86.189.195
597,Ingaberg,Carp,icarpgk@flickr.com,Female,182.221.161.154
598,Jacquenetta,Hoofe,jhoofegl@statcounter.com,Female,68.195.252.146
599,Miquela,Chaudron,mchaudrongm@w3.org,Female,224.16.185.23
600,Hagen,Labbey,hlabbeygn@paypal.com,Male,21.12.38.54
601,Nealon,Breton,nbretongo@flavors.me,Male,181.179.68.29
602,Troy,Care,tcaregp@usnews.com,Male,212.191.66.21
603,Broddy,Agge,baggegq@wufoo.com,Male,47.50.110.142
604,Padgett,Jagels,pjagelsgr@mediafire.com,Male,251.212.233.157
605,Merrielle,Lahive,mlahivegs@examiner.com,Female,212.177.8.65
606,Abbey,Fairclough,afaircloughgt@freewebs.com,Female,182.95.234.174
607,Nickolas,Sainteau,nsainteaugu@wired.com,Male,185.106.107.154
608,Jo-ann,Dunbleton,jdunbletongv@intel.com,Female,228.45.8.114
609,Morgun,Praten,mpratengw@nyu.edu,Male,144.196.134.228
610,Tabatha,Blue,tbluegx@bing.com,Female,139.63.52.174
611,Dante,Ferrandez,dferrandezgy@usda.gov,Male,95.128.224.134
612,Sheelagh,Rieme,sriemegz@example.com,Female,183.216.125.190
613,Alden,Fronks,afronksh0@360.cn,Male,218.131.66.24
614,Morganica,Schuchmacher,mschuchmacherh1@wunderground.com,Female,36.17.230.222
615,Robinet,Levitt,rlevitth2@intel.com,Female,92.135.146.149
616,Mireille,O'Lennachain,molennachainh3@scribd.com,Female,105.10.217.149
617,Clint,Poser,cposerh4@parallels.com,Male,51.26.136.11
618,Rabi,McDonell,rmcdonellh5@arstechnica.com,Male,18.139.44.54
619,Andreana,Botting,abottingh6@ucoz.com,Female,32.27.153.240
620,Emma,Antognozzii,eantognozziih7@ibm.com,Female,227.204.11.15
621,Lora,Salway,lsalwayh8@jugem.jp,Female,216.66.13.1
622,Oates,Jakes,ojakesh9@shinystat.com,Male,69.6.0.206
623,Michal,Coenraets,mcoenraetsha@dropbox.com,Female,205.1.217.78
624,Burnard,Bartelot,bbartelothb@wordpress.org,Male,14.84.12.24
625,Franzen,Eddie,feddiehc@princeton.edu,Male,151.246.147.120
626,Marlow,Crebo,mcrebohd@dedecms.com,Male,252.12.205.74
627,Alano,Van Velde,avanveldehe@sohu.com,Male,167.155.40.174
628,Abe,Runnicles,arunnicleshf@nydailynews.com,Male,169.59.170.99
629,Trever,MacGregor,tmacgregorhg@blog.com,Male,142.94.32.248
630,Balduin,Siemon,bsiemonhh@fda.gov,Male,130.221.120.242
631,Rosalind,Ollier,rollierhi@zdnet.com,Female,136.169.23.236
632,Frannie,Matteacci,fmatteaccihj@pcworld.com,Male,48.81.132.232
633,Ramonda,Chantillon,rchantillonhk@w3.org,Female,140.72.194.221
634,Jacobo,Franceschelli,jfranceschellihl@europa.eu,Male,186.74.121.73
635,Genni,Denyukin,gdenyukinhm@blogspot.com,Female,44.165.98.234
636,Massimo,Churching,mchurchinghn@example.com,Male,210.130.216.198
637,Paulie,Kroin,pkroinho@creativecommons.org,Male,165.118.171.215
638,Kirbie,Hanselmann,khanselmannhp@yolasite.com,Female,177.198.223.229
639,Zarla,Cohani,zcohanihq@columbia.edu,Female,250.147.8.234
640,Hugibert,Colkett,hcolketthr@statcounter.com,Male,19.164.49.93
641,Analise,Sworne,aswornehs@bloomberg.com,Female,210.20.88.36
642,Mona,Bastide,mbastideht@fda.gov,Female,146.0.18.62
643,Deva,Haddon,dhaddonhu@jimdo.com,Female,148.141.219.100
644,Benny,Fossord,bfossordhv@skyrock.com,Male,148.96.104.197
645,Lezley,Mathelon,lmathelonhw@goo.ne.jp,Male,137.216.16.5
646,Benedicto,Grovier,bgrovierhx@gnu.org,Male,204.10.239.96
647,Lester,Collinwood,lcollinwoodhy@ustream.tv,Male,89.106.58.210
648,Baldwin,Bertrand,bbertrandhz@tumblr.com,Male,165.14.3.57
649,Marcelline,Stittle,mstittlei0@theglobeandmail.com,Female,240.107.88.186
650,Cleveland,Mapis,cmapisi1@mail.ru,Male,65.98.237.234
651,Cheslie,Conisbee,cconisbeei2@unicef.org,Female,61.67.38.82
652,Lockwood,Blasoni,lblasonii3@google.com.au,Male,22.53.230.157
653,Quintana,Keuning,qkeuningi4@chicagotribune.com,Female,141.111.83.72
654,Boyce,Alves,balvesi5@devhub.com,Male,225.107.210.131
655,Elly,Camel,ecameli6@google.it,Female,21.25.153.228
656,Bidget,Lanceter,blanceteri7@guardian.co.uk,Female,238.19.18.106
657,Vinnie,Nineham,vninehami8@homestead.com,Female,110.122.25.141
658,Bird,LeEstut,bleestuti9@furl.net,Female,29.37.197.77
659,Yalonda,Pagel,ypagelia@lulu.com,Female,202.101.241.185
660,Hetti,Manhood,hmanhoodib@tamu.edu,Female,193.82.235.206
661,Danya,Whorlow,dwhorlowic@nps.gov,Male,114.226.51.197
662,Hana,Kleinzweig,hkleinzweigid@booking.com,Female,213.40.252.150
663,Barnie,Earingey,bearingeyie@gravatar.com,Male,10.189.113.61
664,Liz,Iashvili,liashviliif@hostgator.com,Female,50.127.136.215
665,Britt,Jacmard,bjacmardig@upenn.edu,Female,44.19.203.20
666,Bearnard,Paxforde,bpaxfordeih@seesaa.net,Male,15.170.176.107
667,Hunt,Kingswold,hkingswoldii@dailymail.co.uk,Male,17.131.151.186
668,Ody,Blaisdale,oblaisdaleij@xrea.com,Male,123.137.170.148
669,Timothy,Bisseker,tbissekerik@yellowbook.com,Male,241.241.126.228
670,Fey,Torricella,ftorricellail@cbslocal.com,Female,136.74.140.102
671,Mattie,Norgan,mnorganim@foxnews.com,Female,226.229.2.137
672,Petr,Brice,pbricein@europa.eu,Male,110.227.159.116
673,Noelyn,Oade,noadeio@4shared.com,Female,132.9.193.113
674,Stanislaw,Rustich,srustichip@nationalgeographic.com,Male,97.60.62.255
675,Paxon,De Goey,pdegoeyiq@pcworld.com,Male,238.104.47.110
676,Wilton,Anderbrugge,wanderbruggeir@fema.gov,Male,123.58.16.237
677,Dimitri,Northrop,dnorthropis@spotify.com,Male,148.0.238.68
678,Lisa,D'Errico,lderricoit@unicef.org,Female,63.123.251.104
679,Tan,Erratt,terrattiu@imdb.com,Male,255.63.146.208
680,Holly,Roff,hroffiv@theguardian.com,Male,234.218.46.123
681,Celina,Vandrill,cvandrilliw@toplist.cz,Female,74.51.216.77
682,Felicity,Maneylaws,fmaneylawsix@freewebs.com,Female,209.187.57.96
683,Cariotta,Nend,cnendiy@w3.org,Female,195.16.253.200
684,Cello,Bridge,cbridgeiz@imgur.com,Male,131.47.124.36
685,Rena,Santi,rsantij0@uiuc.edu,Female,0.6.171.86
686,Ellette,Struttman,estruttmanj1@xrea.com,Female,49.15.75.187
687,Annette,Cruess,acruessj2@ucoz.com,Female,241.189.153.149
688,Florrie,Bryan,fbryanj3@tuttocitta.it,Female,199.170.64.182
689,Irwinn,Dimitrov,idimitrovj4@salon.com,Male,121.194.207.223
690,Alfons,Hamshar,ahamsharj5@ibm.com,Male,92.255.247.91
691,Elliot,Cleft,ecleftj6@xing.com,Male,38.94.221.189
692,Orland,MacKall,omackallj7@odnoklassniki.ru,Male,206.58.123.222
693,Alisander,Rossi,arossij8@ted.com,Male,181.241.170.55
694,Fianna,Orpyne,forpynej9@mashable.com,Female,44.132.218.240
695,Gayelord,Sweet,gsweetja@sciencedirect.com,Male,166.224.146.18
696,Muriel,Scutcheon,mscutcheonjb@cpanel.net,Female,208.149.138.128
697,Taddeusz,Gaskal,tgaskaljc@bbb.org,Male,250.218.247.59
698,Cameron,Liles,clilesjd@arizona.edu,Male,190.180.121.177
699,Jordain,Degnen,jdegnenje@networkadvertising.org,Female,180.18.157.211
700,Dannel,Geikie,dgeikiejf@cam.ac.uk,Male,162.155.243.178
701,Roch,Peddersen,rpeddersenjg@apple.com,Female,4.251.30.236
702,Alberto,Lovelace,alovelacejh@wisc.edu,Male,231.193.168.133
703,Rolph,Glossup,rglossupji@altervista.org,Male,170.199.180.2
704,Carissa,Dellenbach,cdellenbachjj@prweb.com,Female,148.199.16.64
705,Sada,Blaker,sblakerjk@t.co,Female,90.32.155.20
706,Dov,Tapsell,dtapselljl@go.com,Male,23.0.116.14
707,Anallise,Melchior,amelchiorjm@huffingtonpost.com,Female,197.128.125.194
708,Paulo,Ubach,pubachjn@dropbox.com,Male,107.3.214.149
709,Charmion,Guiness,cguinessjo@g.co,Female,136.240.145.62
710,Ricky,Jeffreys,rjeffreysjp@ibm.com,Male,24.195.251.248
711,Anselm,Harbron,aharbronjq@huffingtonpost.com,Male,213.153.65.147
712,Bernetta,Davenall,bdavenalljr@ning.com,Female,210.82.126.254
713,Myrtle,Skeath,mskeathjs@xrea.com,Female,203.215.178.103
714,Bernadette,Domenici,bdomenicijt@facebook.com,Female,90.171.220.224
715,Gloriana,Wooffitt,gwooffittju@moonfruit.com,Female,189.4.205.217
716,Allx,Ellaman,aellamanjv@cargocollective.com,Female,62.230.161.75
717,Kaylil,Cottham,kcotthamjw@pbs.org,Female,176.248.5.100
718,Albina,Stranaghan,astranaghanjx@sciencedirect.com,Female,176.218.88.113
719,Drusi,Board,dboardjy@apache.org,Female,200.187.196.3
720,Remus,Razoux,rrazouxjz@uiuc.edu,Male,130.11.193.192
721,Daisi,Diamant,ddiamantk0@tmall.com,Female,160.221.134.91
722,Murial,Precious,mpreciousk1@parallels.com,Female,81.241.82.56
723,Damaris,Ixor,dixork2@google.com.au,Female,90.48.137.123
724,Tabb,Boother,tbootherk3@ucoz.com,Male,52.5.176.29
725,Darci,Buttriss,dbuttrissk4@paypal.com,Female,89.164.251.157
726,Joelie,Woollends,jwoollendsk5@psu.edu,Female,220.73.33.130
727,Joeann,Lillo,jlillok6@is.gd,Female,51.151.53.191
728,Carlynn,Yesson,cyessonk7@de.vu,Female,109.168.131.194
729,Tucky,Proschke,tproschkek8@spotify.com,Male,6.248.91.170
730,Cassie,Erdes,cerdesk9@163.com,Male,200.50.119.173
731,Margalit,Ashbridge,mashbridgeka@mapy.cz,Female,16.26.109.119
732,Sam,Jarvie,sjarviekb@oaic.gov.au,Male,87.8.63.175
733,Amabel,Cotgrave,acotgravekc@dion.ne.jp,Female,152.60.199.46
734,Ronnie,Hache,rhachekd@tuttocitta.it,Female,62.2.130.49
735,Donal,Musgrove,dmusgroveke@bloglovin.com,Male,227.173.118.28
736,Cherey,Laven,clavenkf@mysql.com,Female,187.161.45.145
737,Giselbert,Bloxland,gbloxlandkg@1und1.de,Male,13.114.81.247
738,Vincenz,Tsarovic,vtsarovickh@jalbum.net,Male,81.118.192.72
739,Barbabas,Wooton,bwootonki@redcross.org,Male,72.251.160.64
740,Boothe,O'Lynn,bolynnkj@toplist.cz,Male,247.185.139.186
741,Jay,Neilan,jneilankk@posterous.com,Male,155.26.224.255
742,Chelsie,Ferron,cferronkl@artisteer.com,Female,239.166.20.219
743,Ellie,Semon,esemonkm@google.com.br,Female,151.11.126.134
744,Milly,Towse,mtowsekn@behance.net,Female,48.152.16.99
745,Jobina,Bowley,jbowleyko@columbia.edu,Female,1.216.215.9
746,Travus,Sill,tsillkp@blinklist.com,Male,65.96.143.150
747,Remy,Isacq,risacqkq@gravatar.com,Female,213.4.61.153
748,Marysa,Capaldi,mcapaldikr@house.gov,Female,237.195.227.234
749,Davey,Gencke,dgenckeks@ebay.co.uk,Male,176.95.165.121
750,Yehudit,Ceci,ycecikt@cbc.ca,Male,28.225.93.96
751,Brynn,Bleackley,bbleackleyku@wikimedia.org,Female,255.115.171.96
752,Farrand,Reichert,freichertkv@shutterfly.com,Female,41.0.41.47
753,Cobb,Sired,csiredkw@sciencedirect.com,Male,136.208.72.67
754,Gearalt,Chazelas,gchazelaskx@is.gd,Male,138.48.60.152
755,Normy,McNeigh,nmcneighky@bloglines.com,Male,223.14.94.33
756,Montague,Reichelt,mreicheltkz@squarespace.com,Male,24.238.132.125
757,Fredericka,Duigan,fduiganl0@cocolog-nifty.com,Female,241.121.231.219
758,Turner,Townsend,ttownsendl1@skyrock.com,Male,65.200.122.150
759,Gabriel,Hassall,ghassalll2@issuu.com,Male,73.9.72.41
760,Gael,Bamlett,gbamlettl3@sina.com.cn,Female,112.205.89.234
761,Maribel,Chivers,mchiversl4@rambler.ru,Female,143.49.37.220
762,Bonnibelle,Phillipp,bphillippl5@baidu.com,Female,74.129.41.86
763,Ali,Christou,achristoul6@china.com.cn,Male,51.239.27.51
764,Robena,Price,rpricel7@nature.com,Female,39.149.31.127
765,Alecia,Yakhin,ayakhinl8@mediafire.com,Female,127.167.196.14
766,Elna,Vallantine,evallantinel9@epa.gov,Female,22.78.151.182
767,Ennis,Brauner,ebraunerla@addtoany.com,Male,220.86.156.67
768,Milena,Balharry,mbalharrylb@google.com.br,Female,82.127.135.62
769,Boone,Frank,bfranklc@ucla.edu,Male,142.49.217.100
770,Gaby,Matthessen,gmatthessenld@prweb.com,Male,101.236.181.233
771,Rolph,Fisbey,rfisbeyle@disqus.com,Male,238.31.49.92
772,Emmanuel,Martinelli,emartinellilf@tmall.com,Male,3.222.192.109
773,Katharina,Silverton,ksilvertonlg@china.com.cn,Female,25.71.182.152
774,Arvy,Etock,aetocklh@harvard.edu,Male,10.183.212.81
775,Keary,de Guerre,kdeguerreli@telegraph.co.uk,Male,34.163.255.174
776,Marjorie,Gadeaux,mgadeauxlj@artisteer.com,Female,178.245.107.81
777,Karl,Bene,kbenelk@woothemes.com,Male,20.252.241.226
778,Rocky,Leopard,rleopardll@i2i.jp,Male,129.158.103.141
779,Gan,Tureville,gturevillelm@ox.ac.uk,Male,72.136.87.149
780,Clint,Elloit,celloitln@exblog.jp,Male,80.130.155.47
781,Genna,Mardy,gmardylo@clickbank.net,Female,115.37.129.34
782,Antonio,Muscat,amuscatlp@europa.eu,Male,188.195.78.35
783,Renelle,Peachman,rpeachmanlq@comsenz.com,Female,192.57.171.154
784,Clarabelle,Troy,ctroylr@free.fr,Female,122.147.82.34
785,Shir,Rabley,srableyls@github.io,Female,76.240.76.169
786,Dal,Cookes,dcookeslt@ning.com,Male,242.196.198.31
787,Ameline,Noli,anolilu@myspace.com,Female,183.16.11.238
788,Annnora,Almack,aalmacklv@usatoday.com,Female,225.18.32.190
789,Abbey,Faber,afaberlw@indiegogo.com,Female,125.71.52.184
790,Carlin,Bantock,cbantocklx@baidu.com,Male,200.4.229.210
791,Teddie,Larret,tlarretly@gizmodo.com,Male,17.128.103.78
792,Allistir,MacRorie,amacrorielz@live.com,Male,53.188.253.222
793,Lillian,Chilver,lchilverm0@livejournal.com,Female,211.179.146.73
794,Nonnah,Coronas,ncoronasm1@spotify.com,Female,128.42.146.215
795,Kristofer,McMurraya,kmcmurrayam2@nbcnews.com,Male,25.215.23.222
796,Freedman,Checchetelli,fchecchetellim3@wired.com,Male,35.253.54.77
797,Alie,Dumbrell,adumbrellm4@google.cn,Female,167.43.173.237
798,Betteanne,Barkas,bbarkasm5@google.cn,Female,31.141.245.230
799,Lindie,Goodlife,lgoodlifem6@apache.org,Female,191.250.5.243
800,Peyton,Paolozzi,ppaolozzim7@multiply.com,Male,89.57.184.13
801,Ettore,Benoit,ebenoitm8@comcast.net,Male,227.112.151.100
802,Lamont,Cullen,lcullenm9@tripadvisor.com,Male,96.36.136.158
803,Ronny,Hambribe,rhambribema@businessinsider.com,Female,160.95.82.24
804,Ari,Lazarus,alazarusmb@drupal.org,Male,225.4.203.173
805,Stacee,Quiddihy,squiddihymc@mayoclinic.com,Male,197.139.76.232
806,Olly,Laffoley-Lane,olaffoleylanemd@google.ca,Male,19.205.52.153
807,Essy,Moulds,emouldsme@biblegateway.com,Female,91.227.11.120
808,Noach,Servant,nservantmf@github.io,Male,117.113.242.7
809,Fiona,Stinchcombe,fstinchcombemg@hatena.ne.jp,Female,52.194.182.96
810,Ricca,Sharville,rsharvillemh@1und1.de,Female,205.141.207.100
811,Johnette,Delwater,jdelwatermi@mashable.com,Female,68.119.168.29
812,Reggie,Lindro,rlindromj@pbs.org,Male,208.171.209.109
813,Alie,Petras,apetrasmk@nifty.com,Female,176.222.90.208
814,Annetta,Leban,alebanml@instagram.com,Female,139.160.234.168
815,Johnathan,Birkett,jbirkettmm@illinois.edu,Male,141.34.27.166
816,Sharon,Edel,sedelmn@sohu.com,Female,147.145.66.225
817,Harry,Castille,hcastillemo@dmoz.org,Male,127.247.45.9
818,Gothart,Riddles,griddlesmp@mtv.com,Male,38.233.22.212
819,Guendolen,Swepson,gswepsonmq@house.gov,Female,252.170.232.43
820,Stern,Misk,smiskmr@ucoz.ru,Male,132.205.233.159
821,Iver,Stollman,istollmanms@cam.ac.uk,Male,69.220.174.188
822,Beckie,Gioan,bgioanmt@pagesperso-orange.fr,Female,162.173.82.138
823,Garret,Broom,gbroommu@google.co.uk,Male,151.226.36.4
824,Carmine,Brickwood,cbrickwoodmv@fc2.com,Female,1.136.4.64
825,Barnebas,Biesinger,bbiesingermw@youtube.com,Male,149.153.103.179
826,Abey,Malcher,amalchermx@msu.edu,Male,255.230.163.153
827,Kania,McGarrahan,kmcgarrahanmy@vinaora.com,Female,162.72.101.112
828,Aldis,Ferrillo,aferrillomz@sourceforge.net,Male,60.66.189.235
829,Lemuel,Cornehl,lcornehln0@cdbaby.com,Male,162.6.62.50
830,Burton,Plowell,bplowelln1@usgs.gov,Male,180.129.238.250
831,Lilli,Theakston,ltheakstonn2@cbslocal.com,Female,149.161.104.189
832,Ilario,Costen,icostenn3@exblog.jp,Male,113.85.235.16
833,Netty,Chyuerton,nchyuertonn4@slate.com,Female,18.209.113.41
834,Saul,Dunnion,sdunnionn5@uiuc.edu,Male,173.240.73.248
835,Quill,Kondratyuk,qkondratyukn6@ibm.com,Male,82.45.106.112
836,Andros,Chesshire,achesshiren7@apache.org,Male,150.107.176.128
837,Armando,Gulberg,agulbergn8@webmd.com,Male,241.250.114.43
838,Graehme,Sprigg,gspriggn9@oracle.com,Male,171.66.17.220
839,Sashenka,Mant,smantna@aol.com,Female,88.220.28.170
840,Pegeen,Alwell,palwellnb@zdnet.com,Female,160.81.13.235
841,Allayne,Mavin,amavinnc@earthlink.net,Male,125.187.100.189
842,Tessa,Maydwell,tmaydwellnd@xinhuanet.com,Female,85.85.56.58
843,Ingelbert,O'Sirin,iosirinne@gravatar.com,Male,231.135.24.51
844,Sella,Nockolds,snockoldsnf@drupal.org,Female,111.67.10.98
845,Cirilo,Delieu,cdelieung@i2i.jp,Male,245.159.123.216
846,Ilsa,Bramich,ibramichnh@people.com.cn,Female,25.48.190.148
847,Joice,Grishakov,jgrishakovni@ox.ac.uk,Female,130.28.244.155
848,Nessi,Swenson,nswensonnj@techcrunch.com,Female,243.61.191.55
849,Ellyn,Edgson,eedgsonnk@360.cn,Female,20.116.36.88
850,Sharona,Fortnum,sfortnumnl@nih.gov,Female,225.141.182.47
851,Antoni,Brevitt,abrevittnm@newyorker.com,Male,24.121.60.100
852,Beniamino,Helm,bhelmnn@is.gd,Male,214.177.149.171
853,Anallese,Jillitt,ajillittno@army.mil,Female,85.193.5.3
854,Giusto,Hamel,ghamelnp@java.com,Male,63.230.135.42
855,Shalna,Taunton,stauntonnq@shutterfly.com,Female,235.49.253.245
856,Efren,Spurriar,espurriarnr@senate.gov,Male,114.233.235.141
857,Coraline,Cregeen,ccregeenns@cnet.com,Female,29.248.145.233
858,Cacilia,Tumulty,ctumultynt@mayoclinic.com,Female,230.100.102.242
859,Irma,Dono,idononu@weather.com,Female,135.226.195.247
860,Alverta,Sayles,asaylesnv@aol.com,Female,123.193.142.45
861,Marris,Worpole,mworpolenw@flavors.me,Female,131.79.83.168
862,Rod,Kempston,rkempstonnx@wikimedia.org,Male,0.123.177.253
863,Ali,Readman,areadmanny@smh.com.au,Male,176.134.248.241
864,Marley,Trevena,mtrevenanz@ftc.gov,Female,33.42.0.183
865,Gardy,Gutierrez,ggutierrezo0@blogger.com,Male,246.224.90.128
866,Vaclav,Lamminam,vlamminamo1@weather.com,Male,122.183.214.53
867,Davie,Brissenden,dbrissendeno2@miitbeian.gov.cn,Male,142.148.101.142
868,Inglebert,Muehler,imuehlero3@de.vu,Male,26.190.239.79
869,Twila,Callery,tcalleryo4@reference.com,Female,214.108.73.63
870,Gertrude,Commin,gcommino5@printfriendly.com,Female,94.171.231.58
871,Lura,Wyon,lwyono6@biblegateway.com,Female,145.198.249.10
872,Morna,Rainton,mraintono7@cnbc.com,Female,138.146.88.12
873,Shelia,Chittie,schittieo8@youku.com,Female,36.40.94.73
874,Elie,Wilkins,ewilkinso9@aboutads.info,Female,255.118.210.208
875,Leola,Brimicombe,lbrimicombeoa@europa.eu,Female,138.175.183.154
876,Carey,Dymott,cdymottob@fda.gov,Male,252.229.49.230
877,Ruperto,Tapner,rtapneroc@jugem.jp,Male,55.114.29.208
878,Bellanca,Salandino,bsalandinood@ameblo.jp,Female,116.4.184.216
879,Gaelan,Pybworth,gpybworthoe@zdnet.com,Male,35.144.208.237
880,Matthieu,Brightwell,mbrightwellof@nytimes.com,Male,197.23.115.154
881,Stanislas,Palphreyman,spalphreymanog@wordpress.org,Male,45.86.123.220
882,Eveleen,Toplis,etoplisoh@tripod.com,Female,146.119.172.64
883,Truman,Antos,tantosoi@zdnet.com,Male,5.112.145.85
884,Martha,Clows,mclowsoj@oracle.com,Female,178.169.194.243
885,Urson,Payle,upayleok@umn.edu,Male,77.17.11.160
886,Nikola,Jarad,njaradol@myspace.com,Male,185.52.125.70
887,Terencio,Hatfield,thatfieldom@redcross.org,Male,39.255.146.91
888,Ganny,Thorneywork,gthorneyworkon@time.com,Male,179.208.114.85
889,Kimberly,Proud,kproudoo@webmd.com,Female,108.221.54.124
890,Arnuad,Gough,agoughop@usatoday.com,Male,56.181.16.14
891,Marietta,Winwood,mwinwoodoq@naver.com,Female,204.5.149.199
892,Shana,Keyson,skeysonor@free.fr,Female,115.241.74.161
893,Alvis,Walsham,awalshamos@cornell.edu,Male,127.1.72.54
894,Leisha,Stranio,lstranioot@eepurl.com,Female,52.227.151.151
895,Skipp,Pigott,spigottou@loc.gov,Male,73.230.98.24
896,Maxwell,Blindt,mblindtov@icq.com,Male,230.1.61.160
897,Fee,Saynor,fsaynorow@tamu.edu,Male,4.237.128.194
898,Kassie,Laflin,klaflinox@behance.net,Female,132.175.169.37
899,Audrye,Westmacott,awestmacottoy@thetimes.co.uk,Female,65.42.29.218
900,Dana,Keepin,dkeepinoz@youtube.com,Female,252.49.137.39
901,Silva,Lotterington,slotteringtonp0@illinois.edu,Female,33.27.74.195
902,Sam,Leetham,sleethamp1@fotki.com,Female,166.83.143.77
903,Ninon,Duffill,nduffillp2@tumblr.com,Female,201.143.232.116
904,Elianora,Comizzoli,ecomizzolip3@timesonline.co.uk,Female,236.157.69.183
905,Alla,Dailly,adaillyp4@odnoklassniki.ru,Female,221.168.153.98
906,Eli,Ciementini,eciementinip5@ucoz.ru,Male,198.140.192.28
907,Jamison,Haresnape,jharesnapep6@hud.gov,Male,117.38.188.206
908,Jilli,Bennie,jbenniep7@google.com.hk,Female,173.152.88.51
909,Antoine,Strettle,astrettlep8@dyndns.org,Male,136.115.32.206
910,Sam,Snarie,ssnariep9@elegantthemes.com,Male,21.114.123.61
911,Had,Barlass,hbarlasspa@over-blog.com,Male,70.194.242.122
912,Cornell,Fegan,cfeganpb@bloglovin.com,Male,85.118.133.142
913,Jamison,Frascone,jfrasconepc@gmpg.org,Male,25.166.4.136
914,Ingrim,Stormouth,istormouthpd@cam.ac.uk,Male,26.41.102.78
915,Maurits,Cranshaw,mcranshawpe@engadget.com,Male,161.172.24.68
916,Marshall,Dibbe,mdibbepf@github.io,Male,84.221.211.172
917,Marshall,Brightwell,mbrightwellpg@unc.edu,Male,198.246.168.21
918,Hermina,Laflin,hlaflinph@wsj.com,Female,165.99.176.85
919,Vassili,Tapping,vtappingpi@ca.gov,Male,147.143.146.255
920,Madelle,Ventham,mventhampj@taobao.com,Female,2.135.91.200
921,Buddie,Heasly,bheaslypk@mozilla.com,Male,166.99.201.130
922,Gian,Augur,gaugurpl@newsvine.com,Male,43.86.143.130
923,Hanan,Warbrick,hwarbrickpm@1und1.de,Male,147.199.110.159
924,Guilbert,Kesterton,gkestertonpn@topsy.com,Male,80.114.155.193
925,Danyelle,Giveen,dgiveenpo@prlog.org,Female,100.121.20.58
926,Malvina,Hutchinges,mhutchingespp@spotify.com,Female,207.196.69.221
927,Alvan,Stivers,astiverspq@imdb.com,Male,148.153.220.21
928,Theressa,Duffil,tduffilpr@amazonaws.com,Female,163.167.215.190
929,Banky,Uzelli,buzellips@goo.gl,Male,216.68.175.118
930,Sunny,Neathway,sneathwaypt@dmoz.org,Male,176.150.153.5
931,Raimund,Quemby,rquembypu@nhs.uk,Male,206.14.161.252
932,Gregory,Joyson,gjoysonpv@g.co,Male,39.195.183.7
933,Braden,Pesek,bpesekpw@acquirethisname.com,Male,249.62.125.179
934,Viki,Tourry,vtourrypx@is.gd,Female,186.180.126.55
935,Mathilde,Levings,mlevingspy@dell.com,Female,149.179.74.79
936,Brandyn,Mecozzi,bmecozzipz@mashable.com,Male,195.137.33.154
937,Vale,Shillito,vshillitoq0@cpanel.net,Male,240.231.94.5
938,Gretchen,Wakerley,gwakerleyq1@photobucket.com,Female,68.116.50.253
939,Giacinta,Tilberry,gtilberryq2@blogs.com,Female,93.7.115.122
940,Tuck,MacGarrity,tmacgarrityq3@wisc.edu,Male,172.132.174.46
941,Mark,Haddrell,mhaddrellq4@indiatimes.com,Male,50.230.70.229
942,Ashlen,Simister,asimisterq5@geocities.jp,Female,214.243.55.43
943,Berke,Renol,brenolq6@yahoo.com,Male,165.200.19.102
944,Wyndham,Begbie,wbegbieq7@flavors.me,Male,187.34.254.220
945,Frederico,Rhelton,frheltonq8@comsenz.com,Male,44.173.143.41
946,Muhammad,Bello,mbelloq9@barnesandnoble.com,Male,91.253.42.27
947,Serge,Harteley,sharteleyqa@ycombinator.com,Male,37.92.19.190
948,Guillaume,McCambridge,gmccambridgeqb@census.gov,Male,198.69.170.99
949,Gareth,Flavelle,gflavelleqc@furl.net,Male,200.122.75.211
950,Delinda,Blind,dblindqd@merriam-webster.com,Female,21.3.162.162
951,Alyson,Elrick,aelrickqe@google.es,Female,108.187.4.130
952,Jabez,Drinkel,jdrinkelqf@home.pl,Male,181.188.96.226
953,Ryann,Ayars,rayarsqg@businessinsider.com,Female,23.74.3.82
954,Haley,Mathie,hmathieqh@princeton.edu,Female,53.48.255.49
955,Maury,Nevins,mnevinsqi@quantcast.com,Male,76.119.60.129
956,Tildie,Light,tlightqj@themeforest.net,Female,77.191.18.146
957,Orelle,Wapol,owapolqk@addtoany.com,Female,133.161.117.67
958,Katti,Dripps,kdrippsql@ustream.tv,Female,101.146.29.122
959,Sheba,Guilfoyle,sguilfoyleqm@bravesites.com,Female,3.124.38.148
960,Cristobal,Habershon,chabershonqn@moonfruit.com,Male,6.36.27.50
961,Phillis,Gawkroge,pgawkrogeqo@washington.edu,Female,60.104.133.41
962,Nerti,Jennison,njennisonqp@quantcast.com,Female,112.123.252.180
963,Annalee,Leall,aleallqq@shareasale.com,Female,87.233.217.91
964,Morlee,Shave,mshaveqr@ftc.gov,Male,50.145.242.151
965,Kennan,Buddell,kbuddellqs@t.co,Male,230.91.5.95
966,Karel,Dobby,kdobbyqt@plala.or.jp,Male,255.253.82.73
967,Joann,Grubb,jgrubbqu@mac.com,Female,247.13.172.119
968,Rodolfo,Ungaretti,rungarettiqv@youku.com,Male,108.240.236.54
969,Claresta,Brounsell,cbrounsellqw@usa.gov,Female,3.40.157.202
970,Dominique,Greenrodd,dgreenroddqx@merriam-webster.com,Female,60.235.214.198
971,Geoffrey,Veque,gvequeqy@google.com.au,Male,239.210.220.123
972,Nero,Wahncke,nwahnckeqz@hostgator.com,Male,130.213.4.107
973,Eileen,Westoll,ewestollr0@wix.com,Female,250.44.57.92
974,Liane,Durtnal,ldurtnalr1@studiopress.com,Female,24.101.235.86
975,Victoir,Candey,vcandeyr2@a8.net,Male,157.97.133.206
976,Lucian,Boulter,lboulterr3@state.tx.us,Male,60.135.200.138
977,Orelle,Rubinovitch,orubinovitchr4@spotify.com,Female,42.167.117.185
978,Renell,Goodall,rgoodallr5@scientificamerican.com,Female,33.161.172.173
979,Sapphira,MacGinlay,smacginlayr6@slideshare.net,Female,105.151.24.82
980,Minetta,Cullin,mcullinr7@yelp.com,Female,199.193.192.168
981,Loretta,Muffen,lmuffenr8@geocities.com,Female,209.1.157.204
982,Tiphanie,Janus,tjanusr9@cisco.com,Female,8.20.22.17
983,Delores,Sennett,dsennettra@nps.gov,Female,212.166.86.44
984,Erik,Renfield,erenfieldrb@statcounter.com,Male,242.215.186.230
985,Tyrone,Ballintime,tballintimerc@seesaa.net,Male,106.128.138.132
986,Rakel,Tutsell,rtutsellrd@senate.gov,Female,237.1.164.74
987,Allie,Lyptrade,alyptradere@typepad.com,Male,202.176.50.24
988,Laureen,Thoms,lthomsrf@jugem.jp,Female,65.36.52.90
989,Harlin,Polet,hpoletrg@apple.com,Male,4.254.216.80
990,Marlane,Daid,mdaidrh@delicious.com,Female,90.55.228.108
991,Beale,Hawken,bhawkenri@vkontakte.ru,Male,141.94.1.216
992,Keslie,Gookes,kgookesrj@xrea.com,Female,97.171.41.109
993,Janis,Luna,jlunark@prweb.com,Female,171.97.39.239
994,Agretha,McCahill,amccahillrl@sbwire.com,Female,249.90.131.60
995,Guthrie,Della Scala,gdellascalarm@ucla.edu,Male,93.159.221.204
996,Janella,Beachamp,jbeachamprn@examiner.com,Female,192.23.24.250
997,Jerri,Stuchbury,jstuchburyro@about.me,Male,213.118.157.11
998,Johnathan,Kelley,jkelleyrp@stumbleupon.com,Male,89.2.173.192
999,Iain,Andrivot,iandrivotrq@blogtalkradio.com,Male,41.255.52.75
1000,Juditha,Brougham,jbroughamrr@tuttocitta.it,Female,7.101.78.215
